[
    {
        "id": 19759321,
        "nome": "Cemoara"
    },
    {
        "id": 19759400,
        "nome": "Colosso Lake Lounge"
    },
    {
        "id": 19759465,
        "nome": "D'familia Restaurante"
    },
    {
        "id": 19759485,
        "nome": "Restaurante Henriqueta"
    },
    {
        "id": 19759497,
        "nome": "La Pasta Gialla"
    },
    {
        "id": 19759512,
        "nome": "L'Entrecôte de Paris"
    },
    {
        "id": 19759519,
        "nome": "Medit Bistro"
    },
    {
        "id": 19759538,
        "nome": "Moana Gastronomia e Arte"
    },
    {
        "id": 19774637,
        "nome": "Restaurante New York"
    },
    {
        "id": 19759554,
        "nome": "Restaurante Ryori"
    },
    {
        "id": 19759565,
        "nome": "Restaurante Santa Grelha"
    },
    {
        "id": 197595798,
        "nome": "Vojnilo Restaurante"
    },
    {
        "id": 19759252,
        "nome": "858 Café Bistro"
    },
    {
        "id": 19755991,
        "nome": "Amaro Restaurante"
    },
    {
        "id": 19718748,
        "nome": "Antica Roma Trattoria e Pizzeria Romana"
    },
    {
        "id": 19756018,
        "nome": "Ça Va Bistrô"
    },
    { 
        "id":   19721004,  
"nome": "Café Café"
    },

{ 
    "id": 19756030,
"nome": "Restaurante Capitão Lima "
    },

{ 
    "id": 19756050,
"nome": "Castelus Restaurante"
    },

{ 
    "id": 19759296,
"nome": "Club Bardot"
    },

{ 
    "id": 19718594,
"nome": "Dom Ferreira Forneria"
    },

{ 
    "id": 19718811,
"nome": "Restaurante Downtown Pier"
    },

{ 
    "id": 19756058,
"nome": "Giardino Bistrô"
    },

{ 
    "id": 19756089,
"nome": "Haus Bar"
    },

{ 
    "id": 19758942,
"nome": "It Restaurante"
    },

{ 
    "id": 19759047,
"nome": "Restaurante Lula Navegador"
    },

{ 
    "id": 19774225,
"nome": "Restaurante Na Cozinha"
    },

{ 
    "id": 19759120,
"nome": "Pantagruel Restaurant Week – Jantar"
    },

{ 
    "id": 19721207,
"nome": "Tapa de Cuadril"
    },

{ 
"id": 19759213,
"nome": "The Black Angus Restaurant Week – Almoço"
    }
]